filename,heat_of_combustion
141336,-5189.7
143210,-8263
246728,-5052.01
139200,-5667.9
140647,-648
12048,-4816.3
62347,-1938.7
7845,-2541.5
137969,-4482
10301,-4039
71607,-8082.2
123183,-2887
68260,-8837
92953,-5645.1
69471,-3380.9
141942,-6781
91349,-5755
140814,-5096.9
5464950,-4414
2682,-9797
31285,-5572.991
142958,-3896.1
8800,-4861.8
13016,-5205.1
8390,-3828.9
86287517,-879
2723789,-1712.43
72491,-2636.5
7345016,-6196.9
8488,-5413.9
222285,-2092.8
639662,-4645.83
136586,-3523
8221,-11820
136773,-6453.4
137086,-3367
123192,-2455.8
18950,-2812.67
144073,-4883
11087,-3071
135413853,-4276.9
611,-2277
15575,-1951
38252,-5574.8
61032,-2457.5
1390,-2504.6
150089,-2696.3
143221,-10240
312231,-1144.7
11567,-4196.1
69466,-2801
23742,-2960.2
11370,-3752.88
80304,-7090
404277,-6125.7
7119,-5659.9
135418559,-10260.8
88332,-5355.2
12100,-5207.9
136937,-4788.2
14420823,-13941
17889,-7769.5
138944,-10967.1
11160,-3537.85
143337,-11207
12540965,-5873.83
138175,-5109
5355016,-4027.57
442495,-5933.3
1068,-1907.698
17578,-11280
24942185,-5878.5
11617,-4468.9
7728,-4708.7
5463124,-11367.4
227404,-5661.4
517895,-7564.2
3026,-8628.54
271369,-6658.22
141840,-13178
68187,-20254
71353142,-15191
142790,-5644.4
12584,-1259
33510,-2487.5
13436,-7503.18
13892,-6987.7
11744825,-3491.4
77127,-8380.6
9251,-2664.3
303802,-5988.1
138400,-3515.7
67328,-4851.8
61184,-4184.4
95495,-8274.6
9269,-4738.07
4101,-4336.89
9189,-6542.8
31214,-4365.5
15414,-7427
5634,-6614.68
136047,-6481
7720,-5287.781
79409,-7258.9
142127,-6374.3
67278,-6006.3
143939,-18640
6781,-5644.878
11721,-2751.1
141244,-13191
12011,-2448.9
6510,-3611
80511,-3208.9
7991,-2837.8
25022195,-2025
5365824,-4026.3
69799,-4673
600030,-6848.4
96862,-9190.4
69042,-4205.8
5359541,-5184
9257,-1324.4
5462961,-5028
25622,-5941.5
135401296,-6686.9
12343,-3570.5
137294,-9819
13432695,-3349.2
12836373,-6755.2
12396,-10508.7
6306,-3578.3
6896,-4679.1
69835,-3803
123116,-2707
239899,-4661
6323,-787
6838,-6378.5
6980,-2719.5
7272,-2713
12654976,-4587.01
12484771,-8157.6
12318,-3103.3
28968,-7844.34
5370622,-5639.6
18463,-4085.7
123118,-1596.67
7375,-3476.7
778516,-5043.6
69175,-4526.3
136796,-5626.5
140037,-6301.9
94573,-10265.1
12890857,-3871
10009,-2885.2
562729,-5525.69
95417,-8750.41
14767866,-7107.7
143209,-8368
20735,-8933
67512,-4272.1
6899,-2758
8697,-4799.6
12338,-3391.99
31222,-6658.4
137295,-18109.4
138146,-6158.4
3014735,-6334.2
74383,-6385.1
239,-1871
136577,-4707
6912,-2564
140328,-6939.8
3426,-2809.8
7961,-3107.897
92723,-6121.6
20607154,-1748.47
18369,-4154.8
142961,-19716
8479,-3351.2
11312,-2723.1
13407991,-3882.5
181526,-5696.14
5960,-1601.1
70199,-7140.5
141696,-21046
138741,-5196
142294,-4321.5
227326,-7523.7
6872,-6379.6
135404412,-24148.2
142350,-2773.6
5382499,-9923.9
3806467,-5540.74
8125,-5312.9
65664,-8158.19
138495,-6094
6124,-1650
138101,-4722.1
439373,-2559.67
21228,-4128.3
79107,-1741.8
101783,-8834.52
136322,-8041.4
136782,-44.924
54688690,-1192.81
138380,-5480.5
12566,-6888.6
15656,-4585.2
137194,-4224.6
5377860,-7012.4
5320,-4405.8
141105,-7384.88
101925420,-5685.3
83887,-1589.31
10928,-1280
22386,-3315.4
8561,-9906.341
5373913,-5062.51
136695,-7145
10560,-3474.6
520238,-6550.8
5950,-1621
74060,-14492.3
9732,-2914.8
145138,-11864.8
6267,-1928.5
10369,-6350.8
81524,-8356.85
7914,-4016.241
7703,-5619.48
138433,-5808
79053,-9227.06
12025,-546.9
637517,-11154.8
21584,-4990.7
141102,-4557.1
5335380,-8006.5
78962,-4227.1
8193,-7338
12348,-4372.13
31404,-8916
16628,-5266.11
72966,-3019.7
12792,-2216
24233,-2523.9
6140,-4646.3
70203,-2946.6
7413,-3883.7
31347,-2655.396
11062495,-5772.29
141788,-4451.5
6422,-397.2
10235,-6144
28023,-6118.81
138244,-6998.6
15109,-4276.9
141363,-3791.1
8255,-2699.5
143432,-7224.4
561877,-5945.25
11775,-9462
31278,-13972
31246,-4442.57
7091,-4776
17159,-1357.38
5780,-551.1553
143571,-1982.9
142292,-6354
245564,-3869
129632899,-8242.76
3283,-2731.21
11772,-3217.7
21122389,-8265
8897,-1641.8
642633,-4356.5
7563,-6774
37047,-2882
71442283,-19140
70435,-3207.09
139145,-6712.6
141013,-11426
12218833,-2810.1
142075,-11007.6
5463120,-8830
10317,-6717.4
522585,-5398.2
69027,-3546
12340418,-1514.3
11942,-8110.3
136911,-4576.9
2723949,-2033.4
141084,-4052
79081,-4095.3
73697,-5958.9
66774,-1428.61
1550911,-4240.69
6846,-5581.79
5716856,-9674.2
142212,-4514
136376,-4185.3
5360134,-3515.6
61812,-5504.5
5463182,-6990.86
140669,-7887
7061081,-7872.1
11600,-3709.92
142654,-4160
18386,-9395
530370,-5946
110931,-4718.3
71563,-2926.7
78970,-19484
43960,-2962
305915,-7680.2
82158,-8942.5
7344,-3187.336
359,-2634
80779,-4702.5
112103,-3312.6
70227,-5645.1
61158,-2489.3
8365,-4403.42
7848,-2832.599
12558,-4564.2
21944253,-7489
76381,-3858.3
11357712,-8777.2
15201,-7639.6
9223,-3970.74
84340,-10106
8449,-2753.7
74577,-5032
8991,-3828.83
8148,-5651.2
6793,-5255.22
10615,-7324.1
136316,-5031.3
16683969,-5368
16585,-9093.1
14125,-7887
62472,-1403.32
139739,-2726.2
71366123,-15189
8518,-2773.7
9428,-10233
28025,-6122.36
18184,-3184.6
88652,-5958
138064,-5817.6
85561,-14883
10336,-2884.7
10352,-4228.16
26368,-2316
600026,-8150.6
82558,-4373.74
8025,-1636.946
1088,-1667.69
14420822,-8043
7403,-5826.57
11612,-4646.88
10690,-2489.1
10881,-3602
138128,-2240.5
289,-2856.3
14058,-6117.8
11594,-5465.5
13227,-5807.6
17877,-5855.8
2365,-1419
137819,-12720
119867,-12860
77918,-5506.1
15687,-2880.75
89830,-4139.5
13901,-6051.7
16682931,-8492.657
720895,-3861.6
8130,-4445.082
22691,-3028.2
8592,-4873.6
6335,-1849.6
7678,-4818.8
10039,-548.508
4093,-2016.7
13085,-7022.4
10106225,-5422
10325,-5588.6
137206,-6619.1
71080,-1576
69425,-11826.7
15272485,-5592.02
11511,-5463.5
7948,-4332.8
5463080,-19579
11168,-1670.32
6853,-6634.6
8080,-2963.14
97960418,-3161.4
7343,-3.362035
143244,-10840
21122455,-2045.5
20321722,-2521
10040,-909.3078
13901462,-3597.7
66589,-5355.5
6213,-1796.7
139018,-4355.5
3091438,-1329.09
11869205,-6075.42
6904,-2799.1
139046,-3749
1540638,-5885.4
751,-1414
137967,-1448.5
143881,-3597.96
7410,-4147.338
5881,-11030
520904,-2105.12
6940,-3126.3
62375,-4925.43
12534137,-10252.3
85459,-9977.93
1048,-1857.6
38036,-5621.57
288322,-8399.5
107550,-2635.17
13557,-3192
92824,-1325.9
136919,-307
74298,-4119.4
139723,-4776.9
62204,-3186.7
69481,-3965
5541,-4211.6
138812,-17651.9
7451,-3397.7
83215,-5250.5
138671,-7450.7
66182,-8858.7
568,-5680
20623,-927.17
12534138,-10260.4
521840,-3333.11
7013,-8447.5
8443,-4871.35
12224,-1368
70293,-4703.3
8183,-7.403889
10953,-2673.3
721472,-7936.6
5357261,-5276.9
7595,-6752.42
95070,-12619
74878,-6077.3
11831840,-9641.7
10458,-7397.3
138788,-8752.9
10442,-1843
18063,-9116.9
7913,-938
9864,-738.0576
15711,-3893.6
70008,-2201
450056,-11783.9
15712,-9215.3
138998,-6500.1
7175,-5028.8
7238,-3747
6351,-2079.616
12704,-5324.31
76423,-2811
5357250,-4639.39
141570,-7953.7
75728,-4944.14
69059,-9857.9
7109,-7256
138694,-7165.1
102095,-8953.8
7992,-3818
68437,-4758.3
7904,-1953.193
11400996,-3900
1175,-1920.4
12052,-5333
138337,-3896.4
138409,-5698
81899,-2087.12
7488,-3380.8
12270646,-5773.52
138264,-3818
129862431,-8694.6
6518,-2572.4
12263,-2087.52
262,-2461
936,-3068.5
385987,-3079.2
11915,-3518.35
735842,-5383.2
7911,-1495.21
7166,-5024.5
13380150,-4358
6557,-3.079024
8438,-3645
6506,-6111.13
12484770,-8174.4
7406,-5215.44
7117,-4910.97
13697127,-7212
140238,-6592.3
95677,-4363.1
138351,-9145.4
10492,-6231.2
7656,-7786
137196,-5287.3
137168,-3081.1
123154,-8125.6
143570,-2025.5
77598,-2500.9
2723636,-7195.47
7057902,-6071.23
11488,-6434.2
11910,-5323.3
523103,-7556.3
10295,-6840.5
69110,-3104.51
523673,-8583
13432696,-4662.1
15594675,-3778.2
5251,-3112.46
144205,-5797.79
7292,-2727
34170,-4529.4
6394,-3711.2
87004,-5564.7
5497163,-35099.6
15816,-6087.5
11240,-3335.74
7268,-2981.3
67151,-5256.5
143878,-5350.5
31244,-4047
24142,-1915.845
28028,-6121.9
139860,-6085.2
7834,-2549.463
77049,-2301.5
5273472,-4720.6
9025,-4282.93
136090,-4833.27
137130,-4777.04
866,-3683.2
28024,-6119.73
102311,-20557
69720,-5444
12254516,-10477
10687,-4350.247
143695,-7434.45
32837,-4993.55
78394,-3849
9576979,-4246.31
222865,-10930
79637,-2429.4
7487,-3933
136086,-3168.5
5463115,-8229
6396,-3973
102227,-3868.18
136525,-4254.5
404291,-5673.9
11704,-6489.4
7428,-3354.88
6836,-7437.6
140280,-6062.8
7931,-3751
68827,-7553.97
69840,-4265.2
9142,-9767.97
13887,-5774.4
12723,-4169.2
76122,-2758.32
143097,-4870.9
707067,-7778.1
14323,-5544.53
71547,-4864
7415,-5442.8
23194,-10540.4
7115,-9246.6
12059,-4994.85
5280590,-11852
5463025,-18271
7936,-4056.9
137266,-11119.4
12564,-6916.2
10854,-8826.5
51,-1801.11
7003,-5009.2
62529,-7496.18
7751,-2066.622
12572603,-3680
10399,-4440.89
597,-2067.3
23057,-3633.8
142491,-16980.8
18935,-6950.9
67678,-4248
7691,-4056.58
7196,-3358.5
142963,-5307.8
3120,-4681.9
16976,-2698.2
6623,-7825.5
136769,-8828.6
12573,-3413.721
67537,-3132.3
7560,-5054.3
6325,-1411.2
12029,-4189.4
75901,-11329.4
791,-3583.7
17656,-4675.27
77176,-3895.9
136664,-10640
140422,-7064
140474,-3531
144977,-7136.3
674,-1743.5
142513,-8862.5
12270,-3122.93
8257,-3215
11848,-2812.7
31264,-3125.315
13004,-2956.2
143096,-4704.5
144708,-4307
140965,-6102.4
7824,-4184
9254,-1654.05
25620,-3084.08
12659895,-4150.1
19591330,-5454.1
136553,-6716.8
10388,-7554.2
7041,-4097.1
81116,-5398.5
88754,-5228.3
5356785,-7404.05
6954,-2559.771
15939964,-9679.51
6564,-1883.2
143853,-7142.1
136436,-1096
142291,-5693
3505109,-2664.5
142555,-10220
12902,-10870
69492,-9043.49
68185,-3487.18
135542234,-27173.4
142331,-4621.2
11524,-4317.8
7342,-3540.86
7954,-1345.9
5324610,-7563
140129,-9182.2
142464,-2599.5
139413,-7776
70848,-7772.3
143252,-8021.6
4318617,-4261
6368,-1221.377
69004,-3090
5281116,-13804.7
78984,-1576.1
66327,-7857.72
221260,-7826.34
135473710,-2837.2
92160199,-6360.96
140901,-7506.47
904,-4224.8
11918,-7259
6544483,-2690.02
131409,-2969.1
380819,-2022.22
137755,-9239.6
21908700,-9424
145124,-5768.82
145153,-12895.2
284756,-2841.79
12050,-3412.5
15518,-6265.7
138548,-11215.8
25320,-6479.8
5463047,-13190
11796,-6199.4
8200,-4.757233
9214,-6198.85
41200,-8326
11777,-10010
138898,-8477
12492872,-5878.5
139821,-2690.7
140043,-6583.5
8068,-3684.2
80076,-1691.23
2733293,-2913.17
15302224,-6976.4
7918,-1676.002
15899,-5682.5
13622,-3387.7
141802,-3160.8
71423327,-7963
12395,-10539
7522,-3142.7
66026,-5095.3
141482,-7034
137756,-9623
256889,-7308.6
17149,-4599.9
6358,-2051.9
95955,-8128
71002,-4872.27
1757003,-7760.5
140076,-5496.3
7111,-6508
7516,-396.0815
143037,-4166
5487837,-13726.3
93034,-8625.2
11776,-10295.4
441481,-2349.47
73918,-6144.3
29009,-13895
68162,-3009
6777,-10655
19835,-5742.3
16404,-12030.5
7004,-5096.9
74110,-9498.2
90758,-11192.1
16059,-2716.7
14205183,-7406
978,-3345
1176,-632.06
5196,-882.4
40997,-11191.5
12484755,-6500
86308421,-7388.05
5462762,-6595.7
16925,-5451.3
8852,-9583.58
95873,-5460.2
87598,-4842.6
8010,-1654.2
13158141,-9066
137634,-6943.1
145177,-10782
8419,-4555.24
77219,-3168.2
7043,-4286.9
351208,-2815.8
67949,-4404.1
136906,-3893.6
15615,-3440.3
140145,-2846.4
86280046,-22223.2
136880,-3086.8
137582,-2666.3
11117058,-5284.11
11757,-1875
145583,-20983
15505,-5876.6
1182,-2910.7
12984,-4644.8
137482,-4920.8
13075,-7558
8652,-7151.05
24942143,-5991.5
5463246,-4796
11566,-4391.49
12194,-3302.8
8094,-537.1022
7766,-2715.17
15764013,-21888.09
15070,-3062.2
76644,-8170.45
27753,-5563
7447,-3666
138098,-4714.9
6591,-834.64
92884,-5838.8
12027,-2827.2
16303,-5501.93
11749,-2652.7
7864,-1367.044
102096,-8983
143468,-2103.87
69384,-5629.8
7064688,-10425
15560611,-12951
5372859,-5062.2
11043496,-6425.7
93177,-5034.9
9190,-6144.8
143638,-11432
5356106,-13188
139922,-7607
685995,-10092
143213,-10930
66288,-23982
949,-4767.8
144173,-7782
137247,-7293.02
99223,-4888.46
1923,-4459
66640,-3571
5460467,-586.9455
141931,-2255
79102,-4398
137028,-14897.3
325909,-6030.6
7764,-2638
74685,-3059
3611,-5309.5
16683070,-3779.8
13128,-3155.1
136479,-2932.9
137911,-4872.7
19188,-3781.93
20397491,-6707.25
1018,-2737.96
139969,-4960.6
12208,-3093.2
8441,-4631.66
7455,-687.65
143181,-8494
145393,-4825.4
19526,-3991
5324677,-5377.3
76997,-7710.5
79044,-6199.1
12484749,-4520.4
136587,-4698.2
137171,-9560
11461,-3737.91
7267,-4330.61
7258,-2748.6
64947,-3528.5
142603,-6351
70995,-6720
69393,-2528.11
137624,-2477
10957,-3014.07
8038,-3534
143420,-11166.2
11105390,-3044
519490,-6683
10952,-3747.6
54670067,-2344.1
143955,-5356.3
5377859,-7014.1
13417703,-8639
138579,-4372
30198,-3161.9
5374406,-6033.6
15650,-3524.86
10486,-2675.2
33053,-7493.3
2256,-5047.2
62372,-541.41
66296,-1600
68137,-3889.11
141571,-8786.19
12720,-2380
142171,-3941.7
68144,-4879.71
145090,-6239.01
139385,-7207.8
10885,-4837.1
136400,-3064
6432777,-5243.89
9872,-1149.7
643801,-10547.9
677940,-8213.6
87731,-5592.5
131860163,-7136.3
6973,-3684.8
74409,-6514.1
7304,-3030.3
136112,-4873.27
7863,-1320.1
10686,-5198
11767,-6906.9
10045,-3973.27
10867,-8211.2
145176,-11291.2
11506,-4183
145618,-10589.9
12045918,-6597
138530,-5348.37
31272,-3.547571
167792,-2817.3
102231,-4739.2
137688,-4589
464,-4217.8
138668,-7870.1
1727,-2866.8
11068835,-12107.8
60961,-5139.4
13381,-6234.003
74791,-6492.1
145082,-20686
142673,-10465
7519,-3783.12
14257,-7431.3
6558,-3013.5
5954,-8969
10554,-2692.8
522021,-4660.1
102559,-8917.88
424,-1565.86
14900,-11626
140106,-2529
95459,-4523.3
519640,-5584
70719,-3187.9
17314,-5174.52
9244,-2980.1
69092,-5049.74
135541271,-6082
66603,-2287.8
8766,-6910.16
18926,-2833.5
137063,-13001.79
101744,-10653
18745,-4878
143289,-2030
19166,-2665.6
140036,-8034
69319,-3420
138215,-13825
10721,-4315.29
81540,-3155.7
140969,-5348.4
12657,-4267.98
7452,-490.1098
15285,-3390.7
14227,-16145.4
10210,-6237.5
7900,-2326.304
73949,-1486.2
7377,-3525
9805,-2041
3053999,-6229.55
10893,-3299.83
12957,-3139.9
9250,-2720.4
5558,-545.8
12127,-3838
7768,-3609.804
7303,-1080
74681,-10188
7622,-8299.2
12500,-4797
5447130,-2995
5463116,-8230
12484756,-6497.2
379,-4799.9
6427133,-4675.23
8150,-3805.5
142134,-787.4
92975330,-6444.28
8093,-1207.01
70910,-7687.4
5463283,-9506.55
141568,-7938.6
12307,-1966
137152,-2818
5463072,-4572.3
14497,-2710.4
11147,-31605.9
912020,-7181.4
135421834,-1130.3
5355375,-3226.3
143861,-4945.9
227085,-3476.6
11702,-4571.52
140879,-7648.4
10430,-2835.1
15145,-2945.9
30889,-5651.2
144723,-3147.5
144915,-3116.7
137153,-4296.5
143467,-2099.26
31216,-8834.15
137541,-2582
78179,-4123.89
28022,-6117.05
11450,-5661
20150,-2459.9
9665,-976.5
144734,-9856.22
139131,-7829.5
12298,-3160.1
6305,-5628.32
80245,-2632
12665,-2947.1
74056,-15949
141294,-2977
137174,-9602
35411,-5873.88
13,-2810.5
25603,-2722
8067,-4138.036
137484,-5589
5372855,-4539.89
7417,-4261
138707,-2423
11027,-5991.1
143941,-12189
7846,-2598.49
252325,-5087.95
138461,-3495
151080,-2675.1
178,-1198.7
21799765,-1463.7
86142482,-10555
67738,-1489.54
11945,-4487.4
140704,-13804.2
11194746,-7258.3
80010,-3741
8012,-3482.59
15796,-3336.6
9811,-5927.1
139983,-5285
7433,-2894
12393,-11389.3
8412,-9049.4
74752,-3863.5
5462744,-5283.7
255663,-4659.7
78108,-4770.5
66099,-8082.7
8127,-4952.98
90473536,-4045.28
1268120,-7831
6990,-3717.9
8184,-7253.7
12342,-1027.7
87425,-3910
6480,-2289.8
94718,-10292.4
142238,-4046.1
138250,-16996.7
6947,-2883.655
12386532,-6079.23
9576976,-5662.2
6849,-4978.5
5463081,-5358.91
80574,-6014.6
12238,-4173.6
5463555,-5458
6327454,-20010
7104,-4949.5
11384,-6714.32
142558,-8643.9
818085,-7769.4
67589,-4520.8
11526,-4059.4
78008,-5561.36
69291,-8196
92926,-7722.5
15851550,-3711.7
12045911,-6201.3
716685,-7283.05
9005,-2427.8
68454,-2594.55
10016,-2092.98
5388562,-7519
7135,-4046.1
7852,-2365.3
15134474,-5210.84
64799,-4519.72
78986,-1841
12480,-5375.6
7907,-4806.29
13617,-4483.2
8560,-6960.1
12254,-1966.1
180,-1789
11516,-5048.58
101681591,-10157.5
12277,-183.6
10383,-4076.7
76415,-10299.3
1549239,-8329.5
138611,-5053.2
141361,-5725.4
137477,-4925
69330,-4408.7
135473703,-4129.2
142882,-2369.4
5357252,-4678.2
5969557,-7419.5
2724068,-2115.8
21572739,-13200.8
87496,-4952.98
138646,-3382.24
10141,-4196.8
8023,-2.402869
135436542,-1073.34
519785,-5489.28
118070,-4151.9
12484762,-6189.9
73797,-7555.49
13629,-5849.9
6293,-6062.2
115143,-3041
5357260,-5298.4
75068,-4412.82
7337,-3701
81714,-2524.64
136370,-11757
137480,-6224.1
141864,-3593.1
141201,-5053.88
79589,-4378.09
137984,-3119.3
137058,-10720
137854,-9017
138393,-4425
5170076,-6655.8
136125,-6173.7
136091,-5081
10723,-5408.7
6378,-1755.758
252324,-5095.5
117754,-8530.77
14049,-20070.9
144981,-8566.1
10986240,-2846.4
140482,-4267.1
637541,-4152.11
145520,-4724.2
10894,-2980.3
638221,-5071.8
135408636,-7265.9
140338,-2107.1
137467,-4667.3
138187,-6853
78624,-6275.62
521224,-4028.4
12067,-3437
138943,-10052
145506,-5867.9
135406598,-18149
79013,-17998
11529,-4200.3
135404161,-2555.6
9475,-3579.8
138464,-3533.6
5463167,-6981.61
64678,-9107.7
638324,-4199
31268,-2818.97
736889,-5763.5
11645,-1806.7
5801,-3160.1
10977,-3347.033
638055,-5652
7044,-6174.134
9170,-8950
77433,-1991.2
11661,-3816.6
6862,-5792.09
6966,-3267
75569,-3482.1
71367025,-9087.5
5463230,-9746
13608,-4839.72
144788,-6336.2
144707,-2859.29
7443,-2727.4
36292,-5300.3
85936,-5050.2
144099,-3371.5
638877,-6416.4
15620,-4797
142381,-4490
6575,-861.8528
737157,-4147
75887,-6632
31238,-11858.8
12484772,-8132
8133,-3549.861
10364,-5665
637866,-4.539
6163,-2792.3
76079,-3711.2
142567,-4931.76
8490,-2120
14109,-7244.5
79032,-5595.7
4478696,-4316
145564,-8357.7
138938,-4568.26
95921,-3283.3
123252,-3338
8680,-5869.5
190,-2779
137296,-7385
136747,-4309.1
9450,-5096
444212,-1985.8
66868,-8764.1
10703,-5862.62
93189,-6966
138493,-2365.33
757,-697.23
74029,-6886.4
143219,-10220
145120,-7741
138603,-1688.2
20652018,-4396.71
76591,-4132
101834212,-8347
8487,-3920.8
136319,-4831.63
10222,-9662.25
145202,-10845.9
76738,-3378
13097,-9971.92
760,-525.443
141205,-13075
136105,-6000.86
28929,-8036.6
636456,-2794.86
440967,-6217.77
11774,-10003.5
11920,-3717.04
11586365,-2153.4
7037,-6725.45
18232,-4595.2
3036381,-6835.7
5781,-1145.42
5352674,-9238.3
8892,-3492.4
81144,-4747.8
5368324,-6625.1
75097,-4596.64
36299,-4366.37
11675,-5451.5
6432286,-4664.09
9161,-6058
123550,-3419.2
98693,-6830.8
145571,-7866
137154,-7406
141855,-18628
143124,-3408.81
8027,-2241.8
6503,-2426.41
16846,-5254.43
518011,-4731.25
11855,-2502.1
66765,-3337
8894,-3173.3
141569,-1850.39
117801,-2995
143114,-3938.2
145073,-3885.1
5937514,-5677.3
69019,-3249.5
77376,-5029.97
12484757,-6480.4
11887,-4064.1
93104,-6958
97370,-7941.4
12481172,-7790.8
79162,-8941.2
69141,-4427.7
11985,-3527.5
4685,-2937
142627,-4356.4
9362,-6062.7
71353292,-4036.07
15396,-2978
12973,-3893
6432551,-3736.1
358258,-6273.2
2453,-4171.9
136182,-602
10966,-2529.24
137122,-14183
137764,-8671.8
8376,-3406
6322,-3737.13
15203,-8912
69273,-3861.8
785,-2740
698322,-7170.5
138,-2935.49
123076,-2840.74
12398,-11351.2
141316,-2919.7
5462694,-14488
70896,-5583
20230819,-13201
69324,-12105.7
6319,-9340
6478,-2030
136412,-5079.8
136581,-3121.6
12302,-2667.8
8099,-3440
136492,-1519
74743,-2957.8
6424844,-14366.7
6734,-6219.289
20040046,-4209
5708915,-5422
138839,-13850.8
18286,-3079
7869,-5292.3
9386,-3466.7
12045912,-14475
820254,-8810.08
137603,-6011.99
138176,-5151.3
139134,-2744.86
17100,-6284.39
5463373,-4694.4
12329,-4286.2
136360,-4363.5
6038,-4397.1
29075,-12606.5
7915,-2237.762
1146,-2443.1
159055,-5899.2
12314,-2029.1
136944,-4642
141439,-1199.1
65,-2552.7
5364361,-7324.5
601,-3267.5
11381,-6063
69823,-9189.94
17369,-4308.59
144030,-7505.7
142904,-5631.2
10467,-12668.4
12031,-4546.4
9794231,-5565.88
69282,-7829.6
138107,-1543.1
140780,-9759.6
15305,-8333.4
6945,-2923.3
569267,-6529.6
10887852,-4080.8
637511,-4659.44
45,-694.167
12620,-14450
6452519,-6959.67
139414,-9866
14024554,-8054.1
77214,-8243.81
7418,-3866.5
28115,-2309.1
71423328,-6649
69074,-3052.59
71378236,-11251
136881,-3071.3
9958,-3504.6
11161,-2976
8289,-9259.08
5147,-3352.4
197794,-16998.4
23263823,-9778.6
119095350,-1152.2
139706,-2908.7
136528,-5726
85944,-5858
7285,-1553.6
9235,-5001.93
28614,-4772.7
6327129,-20275.7
139704,-2873
10487,-786.4
347027,-12739.5
8053,-3402.36
136181,-2477
62322,-4769
12487,-2942.2
6496,-2826.5
817102,-2460.4
7872,-6090.36
10792,-2570.1
138502,-10339
7379,-6309.6
15772,-4371
6387,-3465
7759,-2733
72349,-3494
80056,-3290
10913,-10153
12518,-5286.9
7128,-6.062
143558,-10486
18936,-13265.6
285373,-4016.36
15504,-5222.6
6587,-1362
20122,-2506.64
141296,-8799.4
11098,-7094
11041416,-7743.25
141933,-2195
139705,-2877.8
13133854,-3104.01
83530,-4817.5
144337,-13735.5
404294,-8035.9
222572,-12874.4
7956,-905.8
14496,-2300.7
638014,-7712.4
18475,-6399
13263,-6510.8
15653,-5851.1
144638,-10067.9
10964465,-3438.4
7108,-6777
123123,-11560
17253,-8279.83
77134407,-6366
143882,-8870
8343,-13749.12
12337,-2687.4
141249,-5999.9
118384,-5311.5
2568,-2689.59
143873,-4722.1
2724702,-7207.7
66101,-3562.8
11100,-4661
8135,-4887
6344,-602.5
13651,-5773.4
6327,-621.2562
66356,-5486.5
12748,-2958.8
143859,-3849.7
72659,-5389.3
11233,-5462.97
16308,-5927.1
104938,-5671.64
138177,-2468
74326,-12845
66261,-3454
90676,-11019.3
14070,-6747.11
74210,-8729.5
7859,-1804.92
520612,-8844
68075,-3151.6
14462,-6122.2
11318,-4768.6
137627,-5183.6
135974,-927.01
1322,-1983
11572,-4395
6573,-1752.031
61233,-955
139685,-3728.9
8758,-2335.4
12561,-5345.8
137741,-4174.3
18711397,-6736.56
6427259,-6988.14
5988,-5648.4
143871,-4063.5
16981,-16256.5
10566,-3815
145085,-19301.5
227756,-2750.3
7668,-5218.24
141101,-2579
643460,-3107
79067,-2588.15
24749,-2812.67
17379,-5850.5
14160,-8368.92
22468,-4681.13
16947,-5817.9
11911,-4790.5
6854,-6218.54
17027,-4987.3
145101,-4493.5
141976,-4247
177,-1168.79
12350,-4570.82
10908,-3521.5
14291,-4648.8
138465,-5149.96
74611,-5159.3
141579,-5155.3
6128,-10760
5976,-1979
12276,-3992.29
123253,-3384
14282,-3652.3
12090,-3448.2
82162,-3224.1
71389318,-3642.8
16666,-6318.5
426869,-8346.6
11309844,-6352
22684,-84.58
140486,-3787.3
522733,-2907.5
8677,-12244
2723843,-2981.9
5364430,-12528
135982,-6307.5
135418577,-3896.1
16238,-6820
71353459,-9282
3023,-6571.6
137646,-4507
123194,-6224
12471,-2923.3
5367761,-4020
2294,-4126
144456,-4672.1
197058,-8007.25
6406,-2239.1
33603,-6707.9
68013885,-2757.8
98155,-4397
61048,-5911.63
5463119,-8186
7729,-3005.4
137255,-5104.92
74965,-4771.1
141996,-6848.9
136788,-5317.3
13561494,-3364
13403,-5851.8
69893,-8104
5881938,-10083
86494,-6187.3
73709,-5841.7
140561,-6341.7
9171,-8943.4
20758,-4592
137693,-4733
7255,-3607
5463117,-8180
6417,-2832.1
6025,-10390.2
11229,-4806.7
79084,-2673
71423322,-7306
12206,-3561.7
596227,-3925.12
139037,-5825.08
142236,-5676.4
8749,-4680.2
10602,-504.3
6427278,-6981.49
10784,-2979.8
141708,-11365
10337,-1687
138972,-7030.4
10130,-5482.3
138884,-10966.3
237619,-7887.8
7501,-4395.63
13058,-7290.4
66085,-4884
143946,-2462.7
3520,-1052.1
11369,-5994.2
14222,-8249.2
12073,-4501.9
10820594,-5237.1
165105,-2560.08
69050,-7765.5
12734,-4734.7
94154,-2564
10225,-8340.4
73943,-2185
136289,-3917
72706,-5276
67864,-2849.4
138892,-5648
5461123,-905.5
253628,-6434.2
6345,-583.08
140803,-4001.2
142301,-4130
69321,-3732.1
12640714,-8994.3
10029,-5962.5
578308,-1479.09
142846,-3726.33
241,-3267.6
10975657,-2347.59
6590,-2185.29
20112121,-4457.6
912043,-7314.1
420771,-3891.3
136453,-4136
20835877,-1974.28
15088,-4634.2
7726,-3346.4
5284421,-11690.1
136784,-2550
77577,-3765
6944,-3601.37
138228,-3670
66604,-2029
28026,-6127.22
1549520,-4812.4
637921,-2389.3
9576992,-977.8
140042,-6589.8
8658,-4025
69413,-2473.56
88153,-4041.6
12853,-6108.5
139820,-2653
90466,-7131.76
11995,-3303.97
11592,-5460.1
17004,-6308.35
240,-3525
4185842,-8763
11512,-5468.9
136427,-7322
141819,-3435.18
13411,-3926.2
20237,-1576
6933349,-2527.39
5463213,-3186.2
157818,-7089.1
7381,-5461.9
530289,-9243
5357259,-4646.04
143402,-3552.6
17902,-4348.79
6021,-4802.2
12484781,-10531.2
19503,-5867.6
136721,-1721.7
15142,-6791.4
7469,-3927.1
11000,-4040
69955,-3436.5
79983,-8276
5282706,-2676.1
7530,-4421.9
13084,-6177.1
137054,-10572.9
283893,-6698.2
12401,-12662.6
138212,-6336.5
138490,-3572.7
10789,-3382
31276,-4360.907
8008,-2568.68
594,-2248.84
10044,-4803.99
61028,-3025
643915,-2659.03
11791,-11026.6
5355017,-4005.65
136456,-1784
4166622,-4616.71
12404,-13130
446937,-2248.84
5462892,-8727.8
200458,-6222
61172,-574.5
73790,-4766.7
39902,-3607.2
143464,-3811.7
16722,-7145.3
117790,-6600
8717,-5318.7
96416,-5268.3
68978,-2782.54
76998,-2387
6369,-692
99451,-5619.5
140044,-5821
123426,-3835.49
20759,-4585
143712,-3423
136290,-18025
5280531,-21292.1
12437,-3420.36
12897795,-3556.26
138793,-12300
71070,-3738.3
5354125,-5746.3
3036420,-8357.7
17723,-2114.3
454,-5100.04
86210161,-7766.51
138601,-15977
6327657,-9999.4
7953,-4689.1
10787,-2654.8
142613,-6594
3314,-5387.95
444679,-16518.4
522449,-4589.4
11892,-4514.66
137731,-6215.3
138830,-10557.1
10801,-3475.7
12363,-4428.3
139682,-6033.6
140792,-5662.2
138347,-5197.95
20546,-6757
12290,-2533.2
66025,-4037.6
143616,-16344.1
85845124,-12150
27357,-1886
7582,-7782.4
70459,-7306
143178,-7343
57349457,-6443
140178,-4595
5372954,-4383.8
8601,-4751.2
101924761,-12385.8
7804,-2942.11
16682949,-9744
7480,-4379.02
6327386,-1246.489
137055,-9163
72906,-13036
140897,-6761
8946,-5050
138712,-4680.92
10349,-2152.7
7612,-2960
6437317,-8608.43
96257,-1743
6101,-3530.3
135398634,-2498.2
32205,-3744
79017,-6312
7289,-1700
143147,-5054.3
138520,-7591.2
2797591,-5588
5325689,-5287.3
14088,-3571
144960,-7798.6
41201,-8326
11696,-2938
15655,-2035
12034,-4127.3
141836,-18.035
138230,-3725
129684352,-13556.9
137462,-5911.57
6923,-5660.1
4600245,-4166.28
31249,-4218.91
8400,-6976
16241,-5176
12888,-7014
6119,-2265.99
6996,-3372
138069,-5930
323204,-4060
12972,-6080.1
311,-1985.308
144814,-9945.4
8768,-3100.32
123140,-2751
12721609,-5629.5
15560610,-12916
137155,-8577
142290,-5054
7386,-3228
10405,-5715.8
19540,-6604.6
15658,-3772.6
8201,-11962
15902,-1248.6
138566,-4116.2
8071,-2519.622
13225,-2968.59
11565,-4063.2
119823,-8217
18597,-5648
3270485,-9268
223402,-9509.8
16682820,-19724.3
138460,-1829.21
21832,-8556.6
456,-869.594
69738,-7259
136644,-6836
13158139,-10800.6
19920,-3733
85324,-5859.7
5879,-11090
75489,-8704.4
144704,-3520.93
104679,-5282.7
7018,-6858.4
7993,-3891.5
143860,-5445.4
143615,-13624.8
1201518,-6170.46
140776,-2242
12329391,-5731.05
5951,-1448.21
22068,-7866
139819,-4877
142635,-5649
143505,-9447.8
101925422,-9459.8
144750,-3636.1
74446,-5653
6873,-5720.25
6363,-2329.078
138431,-6623
11771,-4703.36
16130963,-10782
12668282,-6346.6
137711,-1604.6
140400,-3176.8
15288,-4440.89
80150,-4160
11929,-4679.8
9275,-10478.65
5463234,-6711.9
136236,-2731.1
7476,-4669.8
5372934,-4081
5237,-714.84
144789,-6972.2
13256,-7720.05
12549956,-7595.8
16829,-9368.02
11850,-3015.3
144012,-14126.6
7378,-5814.16
2337,-4694.9
141016,-10515
600029,-6864.4
69258,-3870.2
71586776,-17060.1
12226,-2005
138285,-4458.9
6580,-1044
137169,-6033.6
5462874,-34108
24685,-5351
15262,-6270.1
15074,-3068.4
8113,-2652.3
7597,-6143.6
123382,-7887
7967,-3526.828
144703,-1925.38
14262,-3204.7
8024,-2418.9
136853,-10230
76519090,-2456
137606,-3909.2
23323251,-2369.89
6436752,-6777.2
7198,-4921
15078,-1548
140290,-19920
5315941,-10480
6527,-452.83
66188,-5678
96098,-2284.5
11019005,-3088.1
12619,-4692.4
6050,-8122.4
143858,-3718.1
138987,-3949
320056,-4795.68
8285,-2764.659
123181,-4044.7
9553,-1757.4
165356,-3292.8
17153,-2458.4
78500,-10847
11095633,-5290.81
41262,-10200
20717848,-5787.9
20124,-2664
8723,-3325.9
5971,-2827.76
95278,-10319.2
5463281,-9527.26
161658,-2812.67
142199,-1641
56844133,-3488.2
11569,-4022.67
301,-2716.3
18598,-5673.11
69337,-2154.3
9074,-6364.4
141885,-9753
10155,-3244
84444,-3304
17725,-4246.7
69652,-3396
69051,-5008.2
71816169,-6188.1
23151,-6263.7
6053,-7989.8
443066,-3160.19
6339,-101
140475,-3628.2
2859,-2884
10909483,-309.697
144097,-2053.1
137707,-5791.9
131845362,-34779.7
16322,-6045.96
94379,-6543.8
4837,-2738
8489,-2820
78654,-6085.2
75731,-5150
67513,-4936.4
14502,-4412.4
135544530,-3723.8
6370,-231.17
73172,-2694.4
12074,-2718.3
8388,-2957.55
70255,-2540
140736,-7054.2
5374035,-9964.58
70179,-6431.7
141921,-3823.7
135983,-6942.4
136446,-2216
81595,-4865
8158,-5456.1
670,-1436
139767,-6351
96814,-6298.6
7099,-6711
136146,-11118.4
9576967,-4732.36
729946,-5182.42
136578,-4694.4
136378,-3243.9
11267,-1440.7
15529,-6314.1
4555946,-2060.6
144224,-6050.97
79025,-2805
252322,-4017.1
74031,-5039.1
57599480,-11580.7
12389,-9393.5
13043,-6715.63
69298,-7611.6
5994,-12000
445238,-3528.5
11817168,-6346.3
992,-2329.7
7168,-6599.61
142050,-16133.71
15089,-11049
6327707,-9711.1
6487,-17527
139085,-5018
87597,-5301.4
11265,-3750.16
10987325,-6354.8
61156,-11390.3
234610,-1953.89
138206,-8676.4
5284459,-4179
71366122,-15853
88543,-3864.42
8057,-3369.4
61373,-217.7
17113,-6744
141210,-1928.6
12484751,-5859
97053177,-6075.05
629516,-10220
2818324,-6355.1
6491,-2577.6
517748,-6684
11657,-2719.1
142430,-3024.52
86472,-18535.6
11428,-3312.3
12021,-1429.28
11185,-3360.954
11725,-3352
10821,-4289.9
9696,-2557
137961,-4856.8
66335,-5127
89594,-5.975667
404495,-7395.6
69070,-3025
5284468,-5715
2747763,-5279.55
139155,-7765.9
66172,-2369.7
10024,-3233.8
5280450,-10300
14095,-5860.86
137495,-3542.8
5463282,-11083
9253,-3291.4
30386,-4455.2
332586,-5490.8
10870,-5866.1
9231,-5293
1044,-2708.62
73919,-3234
145536,-11461.9
139019,-4340.5
3640858,-1740
7471,-5411.2
8404,-5641.873
7493,-2724.9
137727,-3553.7
8496,-3204.1
447466,-2268
138321,-7357.1
519888,-7199
342,-3706
11595,-3263.1
141940,-3495.3
12600340,-4751.22
15373,-1244
641496,-2119.2
37153,-6400.3
11669,-4637.7
138586,-7924
6857536,-11740
13856,-5047.22
5354173,-4501.65
127440,-10588
75748,-2671.59
80718,-9741.6
31284,-9430.7
138697,-7544.8
66308,-2338.8
140574,-4372.27
8142,-5310.751
73695,-11446
69238,-1916.29
14045,-6115.88
3253490,-3112.1
270325,-8253.39
11443,-4235
95779,-5478.8
9266,-5265.7
7027,-2533.8
15653237,-3922.32
650,-2066.1
66189,-5744.6
141804,-12440.6
69080,-10091
11519,-5468.2
12481,-3124.81
61420,-1180
12484780,-9882.7
10409,-9412.3
643757,-2001.56
14332,-4246.7
143883,-9540
22541,-5322.1
139665,-5873.3
15749767,-6912.78
79063,-4071.24
18818,-6181.9
14040,-6130.19
140271,-6092.3
11588,-3251.6
8371,-2171.1
117877,-7722.6
9591,-3762.83
11763,-3410
617,-1441.9
12160,-5206.8
122306,-2068.5
15233,-6077
12587,-3506.44
8881,-1753.275
10020,-1291.2
12278,-4.360907
980,-2870.065
5216,-4403.7
811,-1983.9
4168115,-21130
138123,-1701
8858,-3287.14
136145,-8521.8
138035,-3582
79378,-2762
8026,-1361.98
14498,-4590.1
142265,-5106.3
140266,-6109
2782639,-3369.3
66305,-2358.7
16683069,-7104
143877,-4684.8
143220,-10260
141555,-1833.8
142121,-9518.6
519652,-5804.9
34193,-6850.66
21596543,-8941.28
10242091,-8531
6340,-1462.5
136594,-3418.3
139937,-5417.02
27518,-6771.4
140463697,-23737.5
522720,-8143.7
101807,-5209.59
61144,-3143
25717,-1594.9
5752038,-1987.4
7490,-6261.3
140364,-3419
385,-3460.2
607509,-4814.82
96772,-20834
6895,-2793.8
18048,-6983.58
439723,-1769.9
77778,-4635.62
12563,-6917.1
92881,-6238.3
143614,-12343
66078,-5780.3
5460005,-2527.39
74445,-3854.6
138552,-5170.1
136535,-6684.4
138257,-7263.4
6559,-2560.65
61247,-4020.07
262105,-17226
85339,-8422.1
614352,-6271.82
61013,-3422.3
11651,-2912
12231,-752
10900,-1092.958
11163,-1969.7
3546441,-5567
5322095,-34555.7
140881,-8950
74176,-4617.3
8078,-3919.6
137104,-6956.7
138811,-20266.9
136274,-1364.6
643587,-5655.1
15506,-6530.3
13838,-6462.2
229771,-2480.55
13697128,-7208.6
92524148,-9542.93
71597827,-8407
7420,-3017.9
9809,-3087
5161,-5890.2
7850,-1903.65
7416,-2983.807
27685,-2447.9
141293,-3393.2
145084,-18041.6
1480,-3862.905
8174,-6609.19
64956,-2590
20063,-4139.9
11139867,-9473.25
16048,-2041.8
15046923,-15933
140028,-11783.9
7897,-2289.58
13355370,-4106
5463534,-5333.3
240301,-4740.4
11345820,-8911.64
12265,-3630.5
70151,-7326
8114,-4033.1
9865,-2012.6
138677,-1708.4
136144,-7237.3
7894,-3641.67
1550936,-4910.3
142797,-5594
59154795,-3060.96
6883822,-3024.3
64152,-5824
6432214,-5867.3
69056,-8344.6
138397,-2488
9577000,-5765
11610,-4657
141725,-5513.7
18118,-6944.2
140710,-3532
6327428,-2.46E-12
757561,-8328
11164,-1740
6046,-2579
77830,-5990.1
73937,-5042.18
18787,-7352.02
5463123,-5959.7
139367,-5032
79111,-2735
7583,-6136.38
17452,-5823.5
76957022,-3383.07
5356572,-3041
130874463,-7000.3
10390,-7250
86142434,-11211
144717,-8920.3
10084,-10391
139173,-7141
76070,-3892.67
7020,-6062.2
2537,-5902
67767,-2816
10867700,-6977
9968,-3066.1
138503,-8380
6097025,-4653
22328,-13835.7
10932438,-9467.2
11830,-4499.3
10808,-1980
97637,-7486.8
69132,-3905.3
140130,-8139.68
136126,-5831.7
135399895,-2555.6
141690,-5716
136921,-5082.77
12836300,-9143.4
9217,-6498.7
11575,-3192.8
7955,-1967
19502,-5240.33
6629,-4712.046
222786,-11200
7221,-4708.21
75560,-13909.5
136556,-6197.76
9016,-4249.89
13247,-5790.3
7461,-6164.6
16224,-6989.31
81221,-5081.35
138541,-7922.1
70079,-3708.9
21620685,-5317
243783,-5912.4
138554,-4304.1
11863,-5471
87780,-17164
9397,-3852
139023,-5674
6586,-689
137105,-2696.82
6550,-2898.3
9321,-622.0279
137943,-4559.1
4754,-5452
138706,-5639
23171,-17014.2
78481,-4846.3
79151,-19345
141026,-5489.8
12161,-4822.9
137448,-4411.27
7878,-2746.8
7243,-3543.5
81762,-3542.86
21117065,-4569.05
7817,-1985
11646,-1333
8883,-4763.2
13010,-2637.2
8192,-7926.4
68238,-5381.7
6857365,-2558.42
12374,-3778.01
74213,-4775.62
143231,-8954
6581,-1368.4
141040,-4062.74
10795,-2613.5
5324280,-1320.1
12484740,-5706
67553,-10942.5
94249,-6829.36
16684349,-12642
13679,-6763.4
743,-2150.35
11782,-4520.39
66704,-11170.8
20467,-1069.13
107384,-8891
8005,-2695.8
24680,-7693.62
17014,-3770
6137,-3564.11
5463061,-6583.4
66105,-13917.6
202859,-223.18
447,-3009.65
138185,-4062
92938,-6368.3
19844430,-9491.4
23615261,-5692.33
1066,-2736
138785,-10600
221071,-7884.3
735923,-4162
15290,-4537.6
8663,-4954.3
12749,-2432.9
137660,-6982
5319706,-11506
4971,-17717
97340,-4403.7
68049,-13310
3392311,-139.7
5798,-3691.6
7972,-3343.96
123423,-4078.1
283242,-7520.9
12484765,-7519.1
11397,-4752.3
28557,-7061.8
6318,-3063.3
70317,-5038.8
14338,-6546.7
281,-0.2829519
137006,-7231.2
14351,-7582
9552,-2099
11373,-4785.3
89496931,-2953
54675764,-1147.6
7101,-6123.49
7114,-6048.8
21678873,-4950
21644,-5430.6
142602,-5042
143872,-4688.2
10553,-3328.6
21228536,-5860
64689,-2723
547018,-3894.6
12286,-2632.2
5462916,-11208.9
140880,-8281
143950,-3902
69866,-5468.5
1188,-2159.7
80284,-6692.4
20835579,-7324.5
10352485,-5828.4
14068,-2074.4
13019,-3408
64964,-7249
136631,-13790
7607,-3105
12260,-4632.27
9576958,-7288.2
96041,-12755.5
21158,-3133
15511,-4122
137604,-11147.2
61818,-2807
12494803,-8668
6432471,-5873.79
4757,-6106.7
6683,-5872.78
2724189,-1961.05
101681594,-9771.6
143208,-8305
12484768,-8187.4
7282,-4159.482
101236,-9381
140427,-4057.84
5463130,-9130
123204,-4361.74
138231,-3168.8
10937607,-4887
24314,-4387
12424,-12943.2
10305,-10689.7
6145,-3666.4
67594,-3349.2
6582,-1867.7
11872,-3372.8
7590,-5243.9
138477,-3956
85486,-2279.5
89388,-5928.4
137162,-8486.3
61009,-3696
12654977,-4615.48
137429,-5681.9
8019,-1671.393
225711,-2906.6
8473,-4111.7
170358,-1916.6
7474,-2907.5
145742,-2746.2
11205,-422.9
136888,-3622.8
12053,-5006.2
25057,-7937
10113,-902.6
23546,-6266.8
136389,-9287.11
79562,-7453
11039,-3001.68
2519,-4255
8856,-1435.1
6352,-1382.06
5463499,-4833
7475,-3186.97
69627,-8216
117478,-5327.5
5462825,-13836
141932,-2071.73
139014,-4010
140124,-1640.2
101621268,-5979
138426,-15360.7
142598,-7640
3028194,-3068.669
138564,-3886.1
3045270,-3328.51
7973,-2623.2
68274,-10306.4
12180,-2900
33800,-6820
15001641,-2438.9
171041251,-9898
11120,-1675.2
11005,-8721.4
123045,-5209.7
79840,-3043.9
75640,-5021
140711,-5678
138074,-4677.95
3037556,-2800.97
12332,-3796
198394,-5157.8
137840,-4697.4
11122,-3361
8689,-6562.6
13854,-2575.7
6992494,-7297.7
9245,-4433
140777,-2249
142553,-7280
136187,-1027.02
642197,-5087.718
15669009,-3759.2
7844,-2719.1
95314,-3629.8
135501443,-8009.4
8784,-4351.5
5463372,-4684
11166,-2002.67
7097,-3930
28189,-914.6
140531,-5426.7
138113,-4773.7
6416,-3483.7
2782321,-872.483
89844339,-7385.8
138268,-9976.3
11288,-3238.7
7052,-4258.6
20389,-7379.6
85560,-14886
9898906,-5513
9097,-7613.8
11393,-5779.34
1060,-1165.3
24310,-2812.27
370,-2600
94794,-10795.2
19041,-6106.55
140479,-16638.3
524968,-5586
107308,-3895.3
129814795,-3843.4
14072,-2651.6
13603,-3639.9
137439,-10131
41199,-8305
21649,-9952
5326161,-3338.71
107,-4544.77
23327,-2251.32
12155,-5080.34
76231,-13222
521954,-7713.9
121670,-2982.3
14106,-3859.9
7000,-3994.8
256593,-4242.86
530325,-4623.9
142802,-8347
638052,-3241.6
592155,-9085.35
752,-525.443
12096,-5470.12
20054873,-10864
12017,-2533.3
9015,-3573.8
444266,-1355.2
143198,-3966.82
9221,-3764
12042,-4694.4
135466877,-21781.4
637930,-2128
12018,-1704
5463289,-8741.57
5344191,-8065.9
7045,-4179.3
12511,-3096.8
13420,-6800.7
16682925,-3184.4
7250,-4655.5
136410,-10712.4
68031,-1206.1
140578,-7324
92903,-3521
62475,-5320.9
520103,-2215.3
5324276,-2727
136800,-4622.5
9238,-6029
5370144,-1578.4
7165,-4602.54
5997,-16524
137114,-6315.7
142133,-3278.7
15046929,-11809
140691,-5660.8
140591,-5296.99
80017,-5614.1
86070806,-4904.71
760835,-7675.5
9548,-7921.6
5332974,-8385
9603354,-2396.8
7860,-860.9
6721,-2322.3
7509,-4536.4
143775,-1537
137056,-8556
17971084,-5120.4
70999,-4202.4
700,-1521.592
2724486,-7217
140248,-2039.6
11264108,-5378.67
11930,-12241.3
6428984,-5084
2724705,-2832
8083,-2673.6
5054,-2710
15714,-11850.3
144107,-5121.7
300514,-3076.5
23072611,-3488.4
11574,-4388.39
11746343,-4205.3
24699,-12928.8
8814,-8278.21
9740,-1254
18521,-4806.45
118901,-4601.9
8209,-9168.4
68018,-4282.95
6051,-6617.4
524996,-8616
16917,-4472.3
11587,-3217.2
138515,-7782
22311,-6185.322
11509,-3755.9
637566,-6160.9
66,-2748.1
8059,-2534.8
7995,-3273.23
880,-1443
8020,-1941.529
69140,-4508.4
137478,-4950.1
11215,-5467
69475,-4277.3
5462980,-5341.7
5376824,-8042
77696,-10311.3
7295,-1451
62362,-8646.95
31242,-4352.82
136898,-4254.8
13158134,-8793
11372,-5029.9
23356,-4371
138808,-8192.3
111263,-8601.5
66370,-2791.46
10000,-1504.2
6989,-5657
726455,-2026.82
83043,-4672.7
123234,-26.377
8909,-5352.508
141784,-4436
9262,-1782.6
6364,-2819.3
5455,-6525.5
17095,-8.079135
8182,-7901.74
95116,-3962.81
143315,-4865.9
6428,-641.6
6361,-2016.688
11169,-8141
642661,-4018.9
138985,-10068
7427,-2240.9
5385260,-5354.4
138681,-11898
137694,-3262.9
13407993,-3882.5
69437,-13401.1
139848,-6872.2
143886,-5033.4
86056,-6195.5
71423325,-5990
31217,-4801.21
154253467,-12300
135431066,-22648
12661,-1912.5
643833,-1092.958
7837,-3728.3
735940,-4051.2
7818,-4328.1
6926,-3363.9
735960,-7896.5
18164,-4478.9
92764,-10088.2
7123,-5138
974,-554.6
3898501,-5921.34
144914,-3136.3
10714,-5154.5
96770,-5210.7
6327708,-9953.7
20252,-4634.6
140440,-8464
736230,-7450.28
17099,-5189.9
7042,-4013
10462,-1540
143214,-10230
123411067,-7949
70357,-6195.7
76431,-7801.22
136546,-7372.49
2272,-6452
15761,-4936
12724,-3997.82
138242,-5362
5463075,-42802.3
66889629,-9425
8794,-4284.11
12418662,-8785
135473712,-7625
736186,-4701.1
141440,-3335.2
74744,-5577.9
5333,-2788.5
138648,-5560.65
79154,-6112.8
69088,-5032.2
8141,-6125
8407,-6228
69103,-2412.43
12375,-3908.4
6409,-821.53
136123,-5089
21640,-4068.64
137486,-5152.2
687126,-4171
68289,-3194.2
6796,-6552.5
138235,-7434.5
137483,-4929.2
6511,-5899.5
25589,-1932
138216,-2870
13852,-2800
6554,-2705
522017,-39467.7
497266,-4271.6
24705,-7787.45
13748,-6030.8
12274,-2449.6
83791,-982.8
10914,-6130
12463390,-6536.3
3471040,-3194.8
12693439,-5472.3
12101,-4362.9
143866,-4684.4
7734,-5863.08
13440,-5100.3
123173,-2029
79035,-6146.7
21122476,-12896.9
137657,-4119
94263,-3890.7
12175834,-4964.3
145428,-22999
7103,-6067
69181,-4089
5362849,-6629.8
6953,-2691.16
8119,-4129.7
137296900,-5531.13
141415,-3558
143613,-4611.1
137449,-5688
92219,-7522
2752523,-2482.8
29339,-3213.8
12469,-2935.8
78351,-3404.21
596375,-5387.95
11002,-6102.03
11756,-2172.2
10241,-6222.8
98642,-5593.05
7423,-3184.32
7765,-3870.5
142544,-5453
558957,-5043
123366,-2666.1
74090,-4454.59
144106,-5197.6
5462962,-3307
68410,-2464
5354264,-4582.178
4451502,-1238.7
70962,-5350.1
1549106,-4174
136041,-7025.45
73714,-3770.1
18938,-5943
223569,-8912
66089,-3182.3
10129,-6332.9
9743,-2915
727,-2959.7
7060,-5314.3
9561107,-6435
5755867,-8754.2
10850,-15259
9246,-3624.2
274386,-8879.8
12682,-3007
31269,-1069
29021,-3453
14486,-3300.7
69155,-5497.27
2751958,-8648.62
424765,-375.356
69402,-3696.44
15098,-11717.3
85699,-5222.9
141829,-2457.5
9265,-4597
70726,-2480.3
6105970,-8571.22
5326157,-4650.1
101681593,-11336.8
140597,-6349
13009,-3610.8
137273,-4250.1
460,-3589.2
136568,-4430
16323,-6040.06
527700,-4022
142462,-6472.2
204,-1714
90454,-10653
88317,-3028.2
9737,-1212.49
1149778,-2562.19
6672,-4383.5
136409,-3571
5463212,-3225.88
5984,-2810.4
519605,-6466.51
7684,-4920.72
142801,-7761
12159621,-2051.11
700673,-4523.1
68843,-4744.7
138669,-14539
6427079,-3366
7412,-3279.234
96382,-4681.1
10889,-20440.4
136455,-3504
11829680,-4862
15417,-6328.26
85759,-2819.2
31357,-7973.449
142678,-5169.3
5324707,-3048.8
8657,-5867.43
101248,-1891.34
5460971,-2248.84
9584,-3255.8
142936,-4297.8
123055,-5927.85
14260,-8038.917
132595682,-11027.1
145089,-6206.8
136877,-5529.2
2879,-3701
15091568,-2038.4
641296,-8443
102344,-17250
137436,-11434.8
139442,-3399
123172,-42856.1
15051956,-3691.08
144877,-6470.1
136613,-6329.1
7370,-3400
7896,-2502.2
13783106,-4634.6
144197,-4680
11688,-1103
31256,-3483.3
10027,-5318
74049,-3718.2
8631,-2930.34
6667,-5267.37
142322,-8222.4
19463,-2971.35
65737,-5243.5
17326,-4587.3
11584,-2749.11
102327,-2066.8
7977,-2616.3
17768,-5962
519239,-3478
76935,-3518.2
637760,-7626.2
136048,-5196
138543,-6560.9
15192,-7820.94
7212735,-6087.61
138703,-5144.6
7983,-4844.2
135418587,-685.7
15367,-3892.5
5323794,-4049
136607,-6663.8
69064,-4827.7
142552,-5319
8374,-3087.76
6419,-862.3
144965,-2564
67180,-2052
14269,-2980.6
10281,-5336.45
4390,-6416.4
13190,-6.848838
521867,-3349.7
123518,-9417.7
12522353,-6345.22
602,-1602
137432,-5441.3
11279,-3698.61
10436,-3452.93
10315,-5461.3
713,-568.2
8180,-6736.5
10820,-5166.3
21989,-7499.5
10851,-23731.6
1486,-3958.692
144257,-5966.8
957,-5294
12695436,-5056.6
12271,-3319.02
9136,-8983
145596,-6238.4
39218,-8196
7945,-4186.8
12382,-5622.9
137074,-1906
15611,-5574.3
5463460,-6585.9
139129,-4243.4
12600339,-4782.16
14256,-7744.28
8474,-3357.3
137161,-22261
67449,-12897
31344,-3131.3
6943,-5022.9
9154,-7915.2
7868,-4932.909
13627,-5848.1
12586520,-5977.87
72661,-3019.4
16843,-71.55
8085,-5638.1
69525,-10277
15715,-13176.5
7671,-3606.5
7242,-4032.556
9862,-4837.8
1032,-1528.3
7347,-5930.5
3772977,-3268.5
81410,-3526.7
136893,-3613.5
13546,-3296.2
10858,-6872.7
138934,-1234.3
69420,-5094
136387,-19410
142295,-7666.8
61869,-5359
139197985,-11089.2
643181,-4474.8
138772,-3701.13
141837,-18156
4327676,-11902.9
14275,-3195.5
2817,-4298.5
136460,-3037
10977233,-6647
4929,-7151.21
4133,-3774.805
1715238,-5530.76
77154,-8872.2
8128,-4368.856
16476,-13177.1
142315,-6178.1
137458,-6537.5
11803,-4826.2
142002,-4130
76027,-4276
79665,-5328.4
8105,-3151.05
6697,-8114.7
15596,-7895.3
7857,-1076.42
6961,-3255.1
141056,-7100
7964,-3100
10997059,-4037
70109,-3614.7
9007,-3581.6
13633969,-5136.32
74297,-9037.5
6678,-5154
137808,-3458.4
119,-2280
7809,-4335.812
143212,-10930
141274,-11167.5
1174,-1721.3
137461,-4620.13
19838,-4191.32
70276,-3953.59
144098,-2714.6
10843,-4922.43
643793,-4026
1340,-4194.1
14037,-10149
142744,-2475.3
10292,-6542.66
13407992,-3885.1
79065,-4437.75
31405,-8280
11420,-4060.2
24869,-3175.26
2723734,-2201
140747,-5301.1
142700,-4271.9
340,-3505.4
10932,-2591.63
79051,-3269.3
10509,-432
8103,-3982.582
7463,-5840.395
73720,-6041
4168167,-29221.8
11324,-6810.63
14090,-3789.05
138239,-4246.6
15204,-4283.8
6329,-1085.6
6341,-1713.3
141195,-823.8
3893,-7413.7
74417,-8538.8
137982,-7346.1
3034365,-1606.8
5375013,-5641.3
28279,-2031.2
70941,-3357.4
7290,-1679
6995,-4403.2
138355,-4554.3
12252,-1210
79227,-4064.8
2776768,-5134
31155,-4921
11457658,-4345.8
10450,-2339.86
7870,-3435.6
102098,-8987.2
14480,-2527.3
7517,-3777.57
66276,-2618.32
6537404,-4436.3
1127,-3246.8
7814,-3511
7812,-3264.006
69104,-2965.84
6780,-6464
522574,-9044.6
11579,-2417.45
24870,-102.5
61975,-3095.8
15770508,-3178.16
999,-3896.7
21420,-5900.1
140279,-12970
67525,-9814
11182,-2765.5
7963,-3420.7
7840,-2056.6
142347,-10891.9
8433,-7393
638337,-6979.1
521062,-7044.8
81635,-4729.59
6937,-6322.21
141046,-7801.9
20200,-3338
140952,-4653.9
89394,-4598.3
11671,-1976.22
141557,-7552.5
69310,-19861.4
5463880,-2775
13074880,-6343.4
140048,-2934.6
140900,-7607
12386,-6702.3
74984,-5344
31286,-5184.5
12301,-2069
137626,-5235.1
140581,-7267.2
141184,-2355.6
27666,-2315.6
85987790,-6503.31
123461,-2636
10452,-3851.4
137515,-4686.1
143850,-7437.85
8139,-8117
137938,-10335.9
15460,-6715.3
7491,-4538.7
13158147,-10434.9
123075,-3447
568068,-3153.49
6348,-1029.804
3102,-6510.3
142900,-9659.9
11387,-6431.4
7293,-2011.7
7059,-5314.6
7277,-3627.5
12439,-4530.1
101946335,-1240.13
637920,-3041
6362,-2131.49
735250,-4196.1
83360,-4748.4
68501,-4668.9
68489,-5270.56
23523,-8216.83
17299,-7289.36
16004,-2711
11883,-3420.848
69127,-2736.5
81057,-4890.1
137267,-13674.6
142545,-6826
232462,-6686.32
10194,-5172.34
16679,-7326
7351,-4847.4
78493,-4565.25
23217,-11288.1
136498,-3213.3
138154,-4250.61
92743,-4934.36
136501,-3625
10132,-537.162
857,-3578.3
123148,-5690
12542,-1044.81
11298307,-7308.8
2148,-4362.34
10209,-5430.28
11542,-4802.6
76982,-6392
21122408,-2475.3
6274,-3205.5
7618,-3840.6
10990833,-12566.4
351683,-3038.7
7390,-6495.6
69895,-6610.53
6276,-3321.598
76838,-8347
686493,-7490
101681595,-10426.8
10812,-5857.3
138590,-11371
11148,-27643.7
5463078,-4029
12725,-2613.7
9239,-3610.1
136817,-9060
74209,-6995.3
40300,-8357.3
5961,-2570.3
137538,-16786.5
10667,-4629.2
85646,-5917.4
137776,-5559.57
8882,-3115.2
12283,-2356.9
24216,-6765.86
11994,-3120
61137,-5500.7
136670,-6350.7
11598,-3844.3
164583,-7228.1
7591,-4723.92
6385,-2995.5
6432255,-3869
129862433,-10684.5
7138,-5935
995,-7097.119
6568,-2672.248
74041438,-8780
4357468,-6260.9
76095,-5975.06
139438,-5873.8
69163,-4508.2
8217,-11947.3
69101,-2564
12529695,-4096.1
141207,-4615.4
74970,-1783.58
26040,-1618.79
11473,-3105
29244,-2992.4
11269,-5465.5
588,-2334.53
135973,-2648.7
1268245,-6343.7
10956,-3969.71
143446,-5608.2
643798,-2008.4
68210,-4565.24
73986,-5668.92
6492,-5780.947
7483,-3867
140386,-1999
135418545,-6393
139832,-8668.7
143870,-6647
6544,-5198.274
94882,-2605
8077,-4087.7
79550,-4640.33
9576952,-7460
439616,-3711
13352130,-3010.8
11335,-4344.2
141821,-5479.22
137781,-5488
6722,-5251.87
12146,-4590
13977507,-6239
11552,-3107.02
140200,-4895.4
144739,-4812
141441,-3827.6
439655,-1154
144918,-2688.6
161315776,-7291
20283,-7897.8
14465,-6019.85
144635,-8752.04
137605,-5871.52
136550,-6773.48
14979859,-2862.4
11931,-7541.22
12365,-575.7
9603,-3747.2
445858,-4701.2
8081,-1515.3
21938862,-5891.5
12484750,-5180.2
6493,-3924.28
727376,-3248.96
7820,-2959
1491,-2834.04
637759,-5282.3
11732,-3315.1
8106,-4788.5
7971,-2550.1
96011,-6401.5
8061,-3220.7
969848,-7941
143849,-7412.26
10931,-2635.9
77159,-4372.7
7468,-4252.2
9210,-4172
6432667,-2831.3
76718,-6424.1
13781190,-8348.8
7019105,-2898.3
1483,-2689.2
238532,-8394.4
10990,-7399.1
74221,-4798.44
143269,-20503.3
144897,-4727.5
965,-11127.1
12248,-3041
13365716,-21401.2
7670,-4714.9
145154,-13982.8
10423,-1957.5
8315,-1316
138506,-4946.7
142221,-10004
7321,-3010
18465,-4729.99
123480,-4980.9
138481,-8713.7
5192,-5425
141182,-2636.3
7747,-1979.1
698320,-7981.4
13382,-7415
14062,-6111.74
9640,-1330.8
7107,-6485.35
84932,-3650.1
9595,-4364.7
137890,-5676.99
138888,-8283.9
84883,-3315.9
8576,-5481.29
21724898,-7594.8
14456,-3250
7492,-2894
139756,-5255.4
6516,-5605
138327,-5697.8
137661,-9774
8864,-5862.41
23574,-438
2345,-6690
135411730,-20268
15600,-6778.29
69753,-8912
22278042,-938.257
4921319,-2829
7525,-3993.4
69017,-2023.06
138670,-1831
522026,-9519
101,-3302.12
141175,-7328
5364509,-11872.95
7935,-3497
5324275,-2727
282073,-10144.1
141202,-8633.7
6738,-3681.45
8222,-13316.4
7361,-2548
137167,-11114.2
13857,-3360.9
12668,-7324.5
23880,-9672.8
14510873,-4558.96
8004,-3349.72
165343105,-21137
144505,-2735.9
5324279,-1320.1
141635,-6975
524967,-6247
74312,-4138
141747,-2771
57353416,-3157.4
12484773,-7338.6
78951,-3767
76972,-8529
15653426,-9684.2
8207,-8517.8
736242,-5514.1
138720,-2356
140885,-6464.1
138050,-3295
697594,-5378.4
65432,-1441.8
67115,-5974.7
14794987,-2707
135417349,-2555.6
12418663,-9443
31358,-4379.7
7952,-4529
140047,-9455
92972,-7190.9
6811,-3259
69243,-4961
7249,-4334.9
9576965,-5349.3
8111,-3366.7
8028,-2514.241
8917,-7405.1
8252,-1927.415
139199,-3361
8030,-2807
141370,-6384.4
12060,-3153.8
143234,-3550.2
28030,-5240.96
522216,-2311
13035,-6050.1
26955,-7712.46
7226,-4090.5
135485325,-2698
7770,-4187.8
78227,-8775.5
7826,-4867.4
61232,-867.086
141640,-5638.1
5788,-3677.68
290988,-4289.75
135408737,-7277.2
150529276,-1952.7
28488,-4648.3
79070,-4574.8
638186,-1092.958
71603,-3187.74
11182625,-1786.9
137212,-12533.3
97704,-3300
8074,-2390
24020,-4197.77
64386,-5841
128869,-2465.9
141943,-4169.7
13180982,-1403
30803,-7364
100119,-3841.6
445639,-11.14199
6950212,-2806.4
144294,-4676.5
144636,-8762.51
7152,-2799.1
7680,-4210.4
6597,-624
138542,-2915
145523,-8630.3
139497,-6920.8
69667,-4447
13076,-8367.2
101925421,-9732
7237,-4335.565
135405330,-7242.1
1051602,-9373.1
70455,-7444.11
26373,-4077
11586736,-120.7
10434,-3079
14092,-5859.7
69460,-5130.34
389,-3029.9
1472182,-5906.69
138346,-6868.5
53440600,-2633.91
7270,-2631.24
81759,-11940.7
7854,-1910.62
123251,-5874.7
67510,-3795
11564,-5221.6
5962,-3683.2
91516,-5606.1
5463118,-8171
136574,-5431.2
12468,-2634.28
6908,-7134.6
71355846,-8619
184005,-11585.5
140086,-8757.9
6643,-6310.53
7966,-3722
3085259,-3274.08
17333,-1615
69290,-7571.5
98806,-4782.3
12232,-2786.5
10979,-2030
144813,-16617.6
138513,-4812
637668,-4859.8
13417699,-8000
138372,-3101.3
14104,-6383.06
137838,-11295.6
137602,-5089
138575,-4752.1
13187,-5716.8
8986,-2988.6
85559,-14894
22723501,-3696.1
12085,-3154.2
22199,-15196
699414,-4878.1
140371,-20095
11941,-7526.1
20121,-5510.7
10005,-1382
69089,-5059
140752,-4583.7
79090,-6958
140913,-3515
3036315,-7346.1
12391,-10047.3
33032,-2250.47
78153,-5661
71872,-6337.7
62695,-2708
10284,-4395.1
138420,-5497.7
31237,-11195.5
20111679,-2448.69
6563,-2685.47
252321,-3370.4
520845,-4057.2
25508,-4950.891
101924759,-12373.5
141250,-4236.3
641683,-8475.7
12855,-6679.8
57348027,-3930.2
55196,-2175.7
138492,-1683.8
9260,-2288.9
9834161,-5754.3
140866,-6111.6
139375,-4097
12540966,-5888.23
19419,-7289
6375,-709
14115,-7903.67
9240,-5190.29
97417,-3920
11535,-2593.8
11583,-3727.555
15422,-5442.97
25711,-7465.1
13235,-5972.2
7056,-5014.5
144650,-1332.86
97194,-9029
86900,-2334.3
137684,-4475
61237,-2786.38
551382,-6419.15
236,-1940.58
13654641,-5531.2
5463338,-4268
143230,-8996
8140,-5332.6
13307608,-5868.1
12740390,-5228.7
135401992,-24797.8
138453,-2922.2
5462960,-931.4
73726,-7887
31374,-2544.28
5281,-11342.4
94790,-1437
6565,-1810.764
11802,-4611.2
138642,-11874.6
21072,-10752.2
10709231,-12074.4
138006,-5306.3
267670,-6600
138803,-5445.1
6198625,-6158.8
7853,-2204
13007,-4776.8
143917,-4246.6
12287,-2622.5
9407,-10295.8
286939,-6686
129862434,-10668.6
5344,-5036.4
136143,-5931.4
143876,-4691.9
23620236,-5877.85
137289,-5680
8385,-3425.4
6326970,-225.1
139941,-5757
444972,-1341.795
6997,-4368.39
30315,-5647.7
11429,-2479
91637,-4890.97
44983,-4092.15
150000,-4026.6
139157,-4735.47
79664,-4682.6
76599,-3282.03
5462222,-182.1581
1110,-1490.843
55300387,-3410.8
68119,-4453.4
73074,-18923
78961,-4200
10006,-1170.3
269923,-9279
17903,-6601.28
7444,-3809.3
14357,-5095.19
1292,-3712
8108,-3860.2
80471,-4972.79
68956,-1493.3
8853,-11538.8
444305,-1154
136402,-20256
11255,-5463.6
16682930,-4876.306
836871,-7600
139495,-8213.9
7286,-1578.4
7478,-3729.71
11260,-4807.8
15001640,-2560.2
197925,-6442.1
698300,-7508
140363,-4288
7080,-8956.9
7311,-8255
10419,-2576.7
143232,-9611
92923,-5007.41
140123,-1593.4
5462822,-5289.8
15046924,-16623
19794,-5478.5
7924,-1818
137485,-5147.2
7527,-4557.42
137730,-2696.3
139076,-1838
21122123,-1523.8
69906,-8322.2
23263496,-7117.2
252359,-4584.2
14300,-2556.3
70402,-11266.8
10439,-2864.4
16629,-5219
16269,-5899.9
8117,-2373.813
12300268,-14230.9
5333047,-7647.9
138856,-5444.8
82769,-8970.5
23769,-9682.45
14215991,-22.449
70454,-6082.7
14263,-3766.5
15046937,-14912
123591,-25937
138485,-9011.1
137149,-9222
1639,-1435.5
31465,-6903
4008497,-6730
309,-1990.4
18848,-4691.76
143338,-5856.8
9868,-413.4
139779,-3918
637520,-5081.05
31352,-5507
145579,-7078.3
13826,-1369.68
79238,-3353.63
9576981,-6350.3
12591,-11923.4
8640,-5092.131
139981,-9172.7
11549,-5216
753,-1660.663
20120,-1574
7970,-3300.4
136658,-1463
6594,-816
86148999,-11124.6
77226,-10727
5462970,-8786
7057,-5301
8370,-2372
16416,-7267
876160,-6234.14
7549,-3624.9
15461,-6062.2
219993,-8483.1
61150,-1210
68983,-3195.36
75881,-5336
15277,-7408.6
700642,-4196.1
25913,-9969.69
7029,-7635.3
65057,-7562
18982,-2967
12386535,-6121.1
9191,-6562.04
10316,-6394.7
144199,-1614.3
14925,-2161.64
139132,-4369.4
138269,-8028.8
134943546,-8307.82
11922,-3456.3
12484761,-7574.5
123126,-6912.1
137763,-9967.8
7500,-4390.383
69421,-10353.5
6688,-6057.4
13357,-3542.03
17049,-4410
5282772,-13699
7929,-4334.577
70922,-870.012
7771,-4348.47
16586,-3713.8
145365,-3380.2
7151,-3460.7
153850202,-8433.42
10968,-2569.85
16989,-2442.9
38035,-5617.23
137737,-5214.9
73895,-2960
137248,-4969.73
69216,-1944.9
140917,-6738.1
138932,-5490.9
8073,-2217
11737,-2004.8
139780,-3172
75110,-2017.19
639659,-7183.9
69015,-4105.2
444539,-4359.3
96468,-7563.5
77245,-8385.9
9609,-3486.1
439524,-3581.4
138362,-4811.4
12771,-2449.7
7674,-4424.59
96207,-4524.9
70717,-2498.1
68204,-5213.36
7912,-4657.169
7393,-5905.058
15051,-2933
71467060,-7726
7002,-5783
101175,-7005.87
11357,-4695.3
523228,-7918
11010,-2020
69030,-7800.65
136301,-4269.4
643836,-4650.22
9628,-806.3
137973,-3477.54
7969,-3884.6
557564,-5986.24
68337,-3981.65
542691,-1733
6386,-2644
7094,-7589.9
12107,-4890.55
10378,-3613.62
11829,-4508.3
79075,-12944.8
12369,-4679.9
137596,-3639
8134,-3010
136629,-8399.93
11789,-10040
79026,-6076.8
138974,-2146.3
8827,-1609.15
14344427,-1412
5364850,-4682.39
6251,-3053
123802745,-6638
657014,-6231.2
138205,-5660.55
24006,-4393
137543,-8661.3
16724,-5755.8
11940,-7290.5
11417,-4059.1
139766,-7689
136413,-6836.39
143010,-6070.9
12079,-3442.8
76915,-7950.9
7213,-3096.14
520292,-6540
6061,-1304.2
6828,-9427
12672,-1532
144917,-2680.3
6514,-2141.55
136332,-1059.1
7523,-4042.3
12291,-4123
9637,-1844.9
8181,-10107
6360,-2848.635
17389497,-3188.28
92282944,-6641.88
137210,-8580.8
73955,-5079.04
5754,-11480
6371,-108.6
77552,-4708.46
79014,-1503.9
77410,-5414.98
9571125,-2847.2
8215,-13976.7
9088,-3296
86098844,-5540.3
57358218,-8315.3
13383763,-9350
10008,-3103.9
71355847,-9934
614,-2729.6
12472,-3310.32
22993135,-1331.44
137971,-5141
98018,-3276.8
120794,-3216
13229,-6929.6
6916169,-14040
14171850,-4723.05
12397,-9817.7
68424,-2491.7
138361,-6534.6
17771,-3942.47
61278,-2210.21
143875,-4045.9
141594,-2419.1
4304554,-12257.6
12996975,-5572.3
138782,-4130.2
13001,-13145
136804,-5239.6
11984628,-11038
123074,-6694.8
72073,-4120.7
523674,-7266
137431,-3468.8
74983,-5584
92569,-5945.4
15608,-8792.4
153116282,-4702.19
136922,-3036.4
29744,-2187.34
21357,-4340.52
76960546,-1802.38
10002,-1357.3
11764,-4838.8
82023,-4980.9
522573,-5476.1
15158,-1781.293
78458,-6606.3
10988,-6978.93
6429,-589.9
92139699,-9936.53
8577,-2843.21
12435,-2672.7
10695,-5839.6
136694,-8954
6456,-9826.1
5354342,-13843
6763,-6497.8
5374689,-10586
136552,-7927.4
8499,-4476.9
8007,-3018.4
15742,-7585.2
14242,-3612
67519,-916.4
12159623,-2109.73
7975,-3292.4
8386,-5273.27
512289,-6231.2
253821,-5135.7
7757,-2487.7
70122,-3093.87
10367,-2741.41
11412,-5468.7
8036,-2136.1
137070,-8515.2
140631,-4578.6
14233,-3267.8
12484752,-6526.3
7419,-3337.6
10902,-2794.9
7526,-3366
142339,-5504
142582,-10808.7
141115,-5618.7
11523,-5183.1
139921,-7607
12703,-3883.6
10176158,-5766.8
135542881,-8968.9
272714,-1275.71
23460,-3242.35
7922,-1537.9
19910,-4283.4
131019680,-3280.48
2969,-6108.7
66028,-7074.9
16450,-6073.5
7127,-6108.91
143711,-2061
61193,-925.6
143874,-4005.3
12681251,-7583
123240,-6971.44
7521,-3912
68203,-21149
11447,-5467.9
84552,-3684.2
66181,-7962.1
136124,-5760.32
136385,-1846
69269,-4557.2
6367,-1095.546
14297,-2666.3
939724,-5418
137706,-6602.4
14187,-10372.3
102652,-9567.3
22315613,-3955.77
141045,-2774
31229,-3966
142551,-4665.2
13584,-14565
13726197,-9993
10927,-2494.7
7899,-1370
13621,-5855.4
11984719,-12386.7
137940,-5932.9
12512,-3682.56
141914,-6350.3
135408770,-1595
12484774,-9491.8
9215,-6581.3
14126,-9222.05
140617,-2117.5
144725,-5667.2
78466,-7034.4
7017,-6063
13129019,-12287.2
80549,-4035.3
734009,-5360.6
82916,-4887
39493,-1710
14910889,-10027.1
75802,-5409.1
141631,-4139.3
6210,-3129.8
3866,-4009
7579,-6420
14871,-9029.2
107983,-2737.9
142023,-8825
61198,-2261
138402,-2971.3
137260,-3668
140905,-4174.3
15314,-3256.4
734154,-4863.5
23250,-14485.3
31952,-3920.77
33054,-7495
145175,-7883.83
5462957,-4014
34,-1214.796
222536,-2918.7
140996,-810.9
75392,-4680.38
439255,-2562.32
10943,-2960.3
6616,-6147.297
12714127,-5099.3
21122212,-5371.12
12239,-5418.2
23424098,-6773.14
69949,-3353.2
11359,-4779.2
7239,-2724.776
68114,-4375.21
23262928,-5197.5
136558,-6287.7
16270,-5245.98
141303,-3473
11890242,-6070
140116,-7781.6
3562,-761.6
6567,-2511.9
931,-4984.624
94205,-4740.3
94834,-5243.5
15087,-11119
145367,-4980.3
78969,-2017.5
795,-1801.9
7222,-4215.15
1551380,-8495
7338,-5351.1
12484769,-7500
141232,-4589.8
12306,-2307.7
21686,-6323.1
70990,-2462.9
138593,-4289
137533,-5152.8
142730,-6585
11903,-5210.17
101987208,-5435.26
72898,-5360.5
138204,-5668.92
10958,-2675
7001,-5047.1
7497,-4195.3
7047,-4706.931
12418,-837.84
138428,-17349
6657,-2254
139360,-7150
65723,-3607
138304,-4436.4
249266,-6072.07
74105,-1986.3
14056,-1638
8314,-2842.84
23278557,-8382.2
13377703,-1619
123409,-11685.3
61180,-961
7257,-3033.8
6134,-5629.45
141480,-6218.1
84352,-5395.06
10994,-2929.92
136595,-5026.8
10271,-2860.1
78520,-8705
6365,-1098.884
111064,-2100.12
441074,-11145
5463340,-13182
6049,-4458.1
29858,-3002.8
11171411,-4666.98
81783,-4464.76
138344,-5529.24
11739,-1218
11878,-3454
5365543,-5363.1
73826,-4987.27
123091,-7845.4
143865,-4701.6
137141,-6063
421922,-28204.4
123081,-3031
816743,-6423.1
3870337,-1949.66
18273,-5373.07
7148,-4803.7
79087,-3575.6
6790,-5262.81
11487,-6.415773
12464,-2939.3
7506,-3143
13806145,-7023
12635,-2996
142644,-6305
31337,-2118
300,-715.9
142512,-9929.9
8651,-6774.24
643785,-3193.6
12586,-1700.8
9935,-3080
22546,-10220
136407,-3043
7240,-3237.5
5862,-2248.84
136454,-13596
138538,-462.079
9228,-3445
137877,-8089
13419,-3169.04
15973,-10289
95204,-4566.04
5462814,-1069
10345,-3967.1
141866,-2077.1
5885880,-4545.71
136885,-1732
10930,-3149.7
350453,-3220.04
7776,-10085.1
8143,-5635.38
9707,-2953
140540,-4157
12143,-3797
1774581,-2550.8
143138,-4164
145086,-23242.7
54756,-6569
23313,-5258.28
74202,-3363.4
1474,-5264.5
7435,-690.976
1046,-2588.6
147178,-8036.2
6442,-2451.74
10322,-3858.7
5375880,-8668.7
7693,-3320.5
15046926,-17271
16682950,-388
7054,-3594.5
97165,-2542.1
140055,-4219.3
10179,-3230.3
11571,-2749.1
689043,-3980.2
2777982,-2541.9
6287,-2910.7
76772,-3149.2
2334,-3300.03
71597826,-7726
439357,-2789.7
140165,-3410.8
11635,-12008.7
92886,-3520
6413,-1615.091
10451,-3855.7
139089360,-12995.9
70700,-6599.2
11375,-4790.2
66555,-5921
86098842,-3693.5
11271,-4402.5
7810,-3754
141490,-2831
5463389,-8073.4
15046925,-10102
8434,-4368.09
70150,-6950.08
138719,-7258.3
15086,-12517.9
5326158,-4633.61
991,-6259.83
141411,-8786.4
137160,-4519.3
26049,-6192.2
5922,-2724.09
12502931,-5764.01
5463466,-5916.1
77058,-4655.37
86651,-4012.5
12260655,-2025.5
7923,-1389.5
7053,-5511.37
205,-2101.5
160191,-3482.8
14296,-4823.2
7732,-3885.35
136405,-7763.4
78828,-4114.7
141447,-2197
11656,-2921
525,-1340
458526,-201.5
638067,-5275.5
6013,-11080
717531,-5379.6
11287,-6463.2
7035,-6771.26
141358,-12497.1
142428,-5989.8
10708,-3219.9
96276,-5953.2
1049,-2.647567
13463715,-8064.4
2347,-10572.65
3035370,-6224
8679,-8316.4
637090,-1990.8
11734,-1396.2
13433,-5133.8
61175,-2780
16683296,-20031
79022,-6155.1
68258,-5368.27
68535,-1895.36
23279312,-2010
7835,-1752.386
79094,-2618.9
145601,-6818
31241,-5086.2
135409852,-1272
8039,-1145.9
5373941,-5076.31
11805539,-2292.6
136269,-6870.7
3094,-10890.9
323,-4139.2
1040750,-11720.5
7921,-2649.6
16131935,-30101
15909,-5267.37
520496,-2925
15607818,-5857.33
142293,-7012
79050,-10325.8
11386,-6431
31253,-6236.3
6262774,-7324.5
10461,-3163.5
138474,-1428.75
97139,-5140.5
139033,-6965.03
123542,-8230.3
10946499,-6686
136051,-7795.6
8361,-6109.1
139169,-5697.69
143414,-6125.4
18610,-3170
79,-3138.5
145366,-3599.7
7932,-3221.8
638129,-2000.6
16498,-4808.8
9102,-4296.5
5362487,-0.353654
5463121,-8847
139502,-2011.42
12648,-4399.77
19431,-2740.7
10286,-4169.3
138729,-5150.1
70424,-13270
1549166,-8113
6332,-1284.4
683563,-4401.4
6264,-2800.1
137942,-3035
38236,-2219
10327,-4207.57
12484759,-6923.3
19220,-6736.5
10387,-3.967923
7947,-5193.1
6410,-2710
143229,-8975
75741,-3073.8
5463374,-4675.6
21142,-2590.28
4937,-5688.3
878,-1236.985
74891,-3688
135459645,-2555.6
98495,-3519
12388,-8739.7
140831,-5050.16
21671,-6347.8
67579525,-12159
136888469,-18449
100657,-7059.7
71366124,-13224
79137,-28.47
10996,-2678
69453,-2305.4
138044,-3180
8452,-2873.5
74458,-4932.9
28021,-6117.22
12754185,-4519.78
246289,-5867.2
137157,-7871.8
816742,-6385.8
7193,-6573.44
71774824,-3130.65
288882,-5771.92
6427134,-4675
11396,-6431.69
6574,-1098.1
17451,-4248
10707,-2931
7867,-2122.829
25200196,-10742
248212,-112.2
141803,-12354.3
21908682,-12166
10800,-3248.995
11251,-3097.2
12345,-2273.83
8819,-2810
168864,-18889
12132,-7322.1
6166,-12030
11568,-3161.2
6115,-3392.8
123415,-2704
5286535,-8017.4
136462,-2986
11551,-5458.61
140778,-2528
94214,-3505.75
143243,-11560
14294,-4088.3
15159,-13112.4
14259,-13263
8868,-3149.76
7616,-6335.66
14817,-11261.72
7909,-3694.6
69821,-7871.6
15910,-3436.7
77691,-10942
33643,-2153.27
141171,-4443.03
143817,-9393.2
142662,-3845.5
1551577,-7214.65
137765,-8668.7
18309,-5882.3
11096234,-7429.1
17795,-6109
97818,-2592
12456274,-17519
141703,-7115.4
24802025,-5401.5
15409,-55.4
637542,-4152
6372,-65.704
10363,-5895.7
95334,-5589.51
90683,-2618
140648,-730
7965,-4077.5
142803,-8954
2015,-6300.3
11686,-2157.45
89790,-9132.62
18639728,-6231.2
252361,-5211.8
6106,-3570
8062,-2285.38
11701,-2802.4
144916,-4522.9
8040,-1896.4
71774697,-4404.5
9973,-3063.8
139123,-6925.4
7761,-3483
10929,-2017
140743,-5955.9
3725611,-3045.5
640668,-6068.77
9576975,-4369.4
143267,-17235.2
66185,-2612.56
20556344,-6732.37
21428,-5044.2
12340,-3378.97
67524,-9138.7
85501,-7065.77
78764,-3565.7
11456,-3101.6
145163,-5685.2
141085,-4057
144477,-6895
15085,-13836.3
13829,-5515
138643,-19515
75169,-2522.7
37207,-5562.7
8902,-4413.149
642975,-4936.4
16797,-4915
141630,-3589.2
23294,-5319
136117,-10054
19083,-4306
21601662,-165.1
137625,-5218
15186554,-12485.9
10285,-5315.9
11305,-4739
9033,-1595.88
15431,-4591.94
7016,-7189.49
74578,-5031
137197,-13842
31261,-2577.972
8408,-5268.62
7673,-4289
57347109,-7250
7259,-4681.24
5357943,-5887.4
11770,-2552.8
11124,-2246
2770166,-3483
20284,-7243.87
14286,-3653.2
227405,-6024.1
139827,-3966.6
10335,-4988.32
139130,-4872.7
750,-974.1
57370890,-6427
4686860,-2066.1
22121,-5618.5
141941,-4150.2
137723,-7035
247818,-2648.9
12377,-5395.06
1622530,-4889.4
138714,-10324
138243,-5451.3
31260,-3326.196
5366039,-4681.1
135418897,-4108.3
118259,-4743.3
53436956,-2869.21
13414,-5937.1
498446,-3190.2
17811,-7799
5462932,-9937
142685,-4950
417945,-167.7
88366,-2556.4
140120,-1364
8172,-3557.6
7489,-3189.3
5377203,-9084
23716,-7315.18
21116216,-2773.4
141578,-7932.5
2751963,-13094.6
5462763,-8840
5326160,-3343.21
141789,-8035.4
7366,-5865.2
7019,-6704
519820,-2205.2
136674,-5026.4
8492,-3024.4
144096,-3010.4
7169,-6304
9233,-4374.59
257890,-8070
7061,-6080.6
136444,-2960.3
3642925,-10452.3
13598,-5239.62
79150,-5606.89
70174,-8243
135418560,-8016.1
938,-2730.83
6946,-3212.671
18667909,-6284.4
11874,-2653.17
123376,-4279.2
70261,-2352.8
638034,-11517.7
517957,-1389.89
101941208,-10157.9
227,-3353.83
136850,-5853.2
69288,-6972.65
442482,-6014.1
7220,-3312.2
136950,-8022.4
68347,-26989
138795,-8644.4
146413,-3201
12971,-2200
138896,-5375.44
69455,-6069.1
61588,-3357.9
7269,-5837.3
142637,-7619.9
141950,-14230.9
69442,-4044.4
17900,-9874.1
145102,-9471
138550,-3596.33
12948300,-2670
136510,-4867.5
144912,-2520
130782920,-7030.4
9963,-3329.8
80431,-5853.2
123838959,-11244
10628,-5596.1
137610,-6762.47
101681592,-10670
8013,-3449.2
138653,-6230
6901,-1691.7
498777,-3589.5
8871,-2515.8
27890,-3725.6
6457,-9760.9
80053,-3295
